행정동,판매소명,전화번호,주소,데이터기준일자,latitude,longitude
산본1동,(주) 칠공 오케이마트,031-3990-1811,"경기도 군포시 산본천로199번길 39, 제상가동 1층(산본동,산본종합상가) (산본동,산본종합상가)",2024-05-23,37.36019522,126.9278637
군포1동,(주) 코리아세븐,031-9254-2540,"서울특별시 중구 소월로 3(남창동, 롯데손해보험빌딩)",2024-05-23,37.55854134,126.9754116
오금동,(주) 코리아세븐 산본세종점,031-1111-9940,"경기도 군포시 산본천로 34-46, 제일반상가동 101호(산본동, 주공6단지 세종@)",2024-05-23,37.35960916,126.9283944
군포2동,(주) 한국유통,031-398-8114,"경기도 군포시 고산로250번길 13(당동, 한국유통할인매장)",2024-05-23,37.36796278,126.9282208
재궁동,(주)라만 이마트에브리데이 산본점,031-391-8706,"경기도 군포시 고산로539번길 7-6, 상가동 지하층 1호(산본동, 묘향롯데아파트 상가)",2024-05-23,37.3640125,126.9255356
송부동,(주)부국화인,031-479-3511,"경기도 안양시 동안구 엘에스로 92, 6동 120호(호계동, 국제유통단지)",2024-05-23,37.36999956,126.953313
군포2동,(주)산본우리농산물,031-391-1718,"경기도 군포시 산본로432번길 27, 상가동 108호(산본동, 한양목련아파트상가)",2024-05-23,37.36682751,126.9283618
부곡동,(주)서암척영업소,,"경기도 군포시 번영로28번길 45-18, 101호(부곡동)",2024-05-23,37.32315699,126.9400319
수리동,(주)영진크린,031-427-3488,경기도 군포시 당산로155번길 12 (금정동),2024-05-23,37.35249722,126.9445298
오금동,(주)이랜드킴스클럽 산본점,031-390-5000,"경기도 군포시 번영로 504, 산본점1층(산본동, 산본역사 뉴코아)",2024-05-23,37.357857,126.9306346
군포2동,(주)이마트트레이더스 군포점,031-361-3453,"경기도 군포시 삼성로 74, 고객만족센터(1층)(부곡동, 트레이더스 군포점)",2024-05-23,37.34040152,126.9347486
송부동,(주)일등온마트,031-429-2004,"경기도 의왕시 경수대로391번길 11, 일등온마트(오전동, 태원공업(주))",2024-05-23,37.35305029,126.9695945
군포2동,(주)초록유통,,"경기도 군포시 삼성로20번길 3-8, 1층,2층",2024-05-23,37.33768611,126.9327784
오금동,(주)쿱스토어 경기 동남부 산본점,031-399-4567,"경기도 군포시 산본로 394, 102, 103호(산본동, 대림프라자)",2024-05-23,37.36515212,126.9296933
오금동,(주)하나로문구,031-394-0735,"경기도 군포시 광정로 122, B01호(주몽아파트10단지종합상가)(산본동, 주몽아파트)",2024-05-23,37.36313539,126.927096
오금동,24시 슈퍼,031-396-0720,"경기도 군포시 번영로 497, 102호(산본동, 금화프라자)",2024-05-23,37.35831526,126.9322908
산본1동,25시 할인마트,,"경기도 군포시 군포로 775, 1층(산본동)",2024-05-23,37.35362209,126.9455453
수리동,CU 군포쌍용점,,경기도 군포시 용호2로 47,2024-05-23,37.34363216,126.9383956
군포1동,CU 군포아이티밸리점,,"경기도 군포시 고산로148번길 17, 1층(당정동, 군포IT밸리)",2024-05-23,37.34634518,126.9430899
군포1동,CU 군포역전점,031-429-4943,"경기도 군포시 군포역1길 32, 1층(당동)",2024-05-23,37.35406854,126.9484849
군포1동,CU 군포첨단점,031-462-5310,"경기도 군포시 군포첨단산업2로8번길 26, 1층(부곡동)",2024-05-23,37.32640448,126.9430361
광정동,CU 군포한라점,,"경기도 군포시 번영로 378, 201호(산본동, 인화교육센타)",2024-05-23,37.35816397,126.9345268
산본2동,CU 산본래미안점,031-427-0555,"경기도 군포시 금산로 89, 1115,1116호(산본동, 래미안 하이어스 아파트 상가(145동))",2024-05-23,37.36807846,126.9379662
금정동,CU 산본설악마을점,031-395-5912,"경기도 군포시 수리산로 102, 분산산가동 103호(산본동, 설악아파트)",2024-05-23,37.35812802,126.9168521
산본2동,CU 산본하이어스점,031-398-4765,"경기도 군포시 금산로 91-1, 146동 2101호(산본동, 래미안 하이어스 아파트 상가(146동))",2024-05-23,37.36807846,126.9379662
군포1동,CU 한세대학교점,,"경기도 군포시 한세로 30, 101호(당정동, 한세대학교)",2024-05-23,37.34585294,126.9528678
오금동,CU삼성은혜점,031-393-6639,"경기도 군포시 고산로646-28, 107호(산본동, 장미아파트상가)",2024-05-23,37.36744314,126.9323896
궁내동,DC마트,031-477-3334,"경기도 군포시 금당로 166, 102호(금정동)",2024-05-23,37.35519323,126.9434486
군포1동,GS25 군포고산로점,031-427-4816,"경기도 군포시 고산로151번길 3, 104호(당정동, SK프라자)",2024-05-23,37.34629711,126.9448701
궁내동,GS25 군포고점,,"경기도 군포시 번영로550번길 23, 102호(금정동, 주공1단지 상가)",2024-05-23,37.34948773,126.9265597
수리동,GS25 군포공단로점,031-427-2520,"경기도 군포시 공단로 180, 101호(금정동)(금정동)",2024-05-23,37.34653213,126.9487045
산본2동,GS25 군포대림,,"경기도 군포시 금산로 47, 103호(산본동, 산본2차 이-편한세상)",2024-05-23,37.36591154,126.9367042
대야동,GS25 군포대야미점,031-407-9383,"경기도 군포시 대야2로143번길 26, 1층(대야미동, 현대프라자)",2024-05-23,37.33198337,126.916191
수리동,GS25 군포번영점,,"경기도 군포시 금산로1, 상가 101호 (금정동, 아산 나부빌)",2024-05-23,37.3627728,126.941054
부곡동,GS25 군포부곡점,,"경기도 군포시 송부로291번안길 3-14, 104호(부곡동)",2024-05-23,37.31431,126.9154787
군포2동,GS25 군포삼성로점,031-399-8177,"경기도 군포시 삼성로 6, 101호(부곡동)",2024-05-23,37.33768611,126.9327784
광정동,GS25 군포삼익점,031-399-8177,"경기도 군포시 오금로 36, 203호(금정동, 삼익소월아파트 상가)",2024-05-23,37.35282386,126.9327196
오금동,GS25 군포수리산점,031-399-0775,"경기도 군포시 수리산로203번안길 38, 1층(산본동)",2024-05-23,37.3560407,126.9210323
군포1동,GS25 군포스카이점,031-8008-0013,"경기도 군포시 농심로 2, 103호(당정동, LT삼보 스카이비즈)",2024-05-23,37.36001529,126.9502162
궁내동,GS25 군포시청점,031-427-2524,"경기도 군포시 번영로561번길 19, 1층(금정동)",2024-05-23,37.32315699,126.9400319
군포1동,GS25 군포역점,,"경기도 군포시 군포로 533, 1층 (당동)",2024-05-23,37.35362209,126.9455453
군포2동,GS25 군포용호점,031-390-6772,"경기도 군포시 용호2로54번길 11, 상가동 101호(당동, 주공3단지아파트)",2024-05-23,37.3446982,126.9448088
군포1동,GS25 군포으뜸점,031-427-4740,경기도 군포시 당산로38번길 4(당동),2024-05-23,37.35249722,126.9445298
군포1동,GS25 군포일동점,031-396-4249,경기도 군포시 산본로234번안길 14(당동),2024-05-23,37.35404339,126.9554388
군포2동,GS25 군포주공점,031-392-0853,경기도 군포시 용호2로 9,2024-05-23,37.34363216,126.9383956
수리동,GS25 군포한림점,031-429-4759,"경기도 군포시 공단로 294, 1층(금정동, 한림테크노빌딩)",2024-05-23,37.37039127,126.9450173
오금동,GS25 군포한양점,031-391-0191,"경기도 군포시 산본로432번길 22, 분산상가동 107호(산본동, 한양목련아파트분산상가)",2024-05-23,37.36682751,126.9283618
군포2동,GS25 군포흥안,031-399-8702,경기도 군포시 군포로456번길 14,2024-05-23,37.35362209,126.9455453
산본1동,GS25 금정삼성점,031-457-6777,경기도 군포시 군포로719번길 49(산본동),2024-05-23,37.35362209,126.9455453
산본1동,GS25 금정센타점,031-397-1007,"경기도 군포시 군포로 759-1, 1층(산본동)",2024-05-23,37.35362209,126.9455453
수리동,GS25 금정타운,031-427-1643,경기도 군포시 당산로125번길 18 (금정동),2024-05-23,37.35249722,126.9445298
금정동,GS25 산본가야점,,"경기도 군포시 번영로 405, 104호 105호 109호(산본동, 가야아파트종합상가)",2024-05-23,37.35184938,126.9250801
산본2동,GS25 산본래미안,,"경기도 군포시 금산로 91-2, 1층 4102호(산본동, 래미안 하이어스 아파트상가(148동))",2024-05-23,37.36807846,126.9379662
산본1동,GS25 산본삼성점,031-393-2031,경기도 군포시 금산로72번길 6(산본동),2024-05-23,37.36537845,126.9392447
오금동,GS25 산본주몽점,031-399-0250,"경기도 군포시 광정로 120(산본동, 주몽아파트 상가)",2024-05-23,37.36313539,126.927096
궁내동,GS25 산본충무점,031-397-5284,"경기도 군포시 번영로 502(금정동, 산본역사상가)",2024-05-23,37.35761832,126.933452
도마교동,GS25 송정3단지점,031-417-9615,"경기도 군포시 송부로49번길 10, 101, 102호(도마교동, 군포송정A-1 블럭아파트단지내임대상가(도마교동)",2024-05-23,37.31446481,126.9155152
송부동,GS25 오전공단점,031-451-0843,"경기도 의왕시 고래들길 49, 101호(오전동)",2024-05-23,37.36050142,126.9620939
재궁동,GS25군포궁내점,031-451-0843,경기도 군포시 수리산로203번안길 10(산본동),2024-05-23,37.3560407,126.9210323
군포1동,GS25군포당정점,031-399-0772,경기도 군포시 봉성로 108(당정동),2024-05-23,37.35047939,126.9456494
대야동,GS25대야미역점,031-437-4700,"경기도 군포시 대야1로24번길 2(대야미동, 명성빌딩)",2024-05-23,37.32774056,126.9173359
오금동,GS25산본우정점,031-397-0231,"경기도 군포시 산본로323번길 20-25, 1층 102호(산본동)",2024-05-23,37.35404339,126.9554388
오금동,GS25산본중앙점,031-392-4979,"경기도 군포시 산본로323번길 16-14, 1층4호(산본동, 센타빌딩)",2024-05-23,37.36336003,126.9316288
산본2동,GS25산본타운점,031-392-1603,경기도 군포시 고산로 695(산본동),2024-05-23,37.34634518,126.9430899
광정동,GS더프레시 군포오금점,031-399-1118,"경기도 군포시 광정로 25-57, 지하층(금정동, 율곡아파트 중심상가)",2024-05-23,37.35402851,126.9310579
산본2동,LG슈퍼,031-391-0186,"경기도 군포시 산본로386번길 59, 107호(산본동, 백합아파트 상가)",2024-05-23,37.35765417,126.9360628
수리동,gs25 군포금정점,031-459-4403,경기도 군포시 금재로12번길 13-1(금정동),2024-05-23,37.36241758,126.9416609
수리동,gs25 군포평화점,031-429-5926,"경기도 군포시 당산로116번길 2, 1층(금정동)",2024-05-23,37.35249722,126.9445298
산본1동,개성슈퍼,,경기도 군포시 산본천로225번길 62(산본동),2024-05-23,37.36436972,126.932892
산본1동,경기남부두레소비자생활협동조합 산본점,031-413-5094,"경기도 군포시 금산로 100, 103호(산본동)",2024-05-23,37.36537845,126.9392447
산본1동,골드마트,031-398-7881,경기도 군포시 산본천로202번길 10(산본동),2024-05-23,37.36436972,126.932892
산본2동,골안슈퍼,031-392-9841,경기도 군포시 곡란로 92(산본동),2024-05-23,37.37261935,126.9286753
군포1동,국민마트,031-459-1457,"경기도 군포시 당동로 12번길 3, 1층",2024-05-23,37.35097123,126.9434404
군포1동,군포 DC 마트,031-454-8682,경기도 군포시 군포역1길 6(당동),2024-05-23,37.35406854,126.9484849
오금동,군포농협협동조합,031-396-9922,"경기도 군포시 산본로 400(산본동, 군포농협)",2024-05-23,37.35402224,126.9368048
궁내동,군포시청(매점),031-390-0307,경기도 군포시 청백리길 6 (금정동),2024-05-23,37.36216095,126.9328724
군포1동,군포역전시장마트,031-427-1002,경기도 군포시 군포로 538(당동),2024-05-23,37.35362209,126.9455453
수리동,금정아울렛마트,031-458-3237,경기도 군포시 당산로171번길 4(금정동),2024-05-23,37.35249722,126.9445298
수리동,금정하이퍼마켓,031-452-7388,경기도 군포시 당산로 119(금정동),2024-05-23,37.35249722,126.9445298
부곡동,나마스떼,031-460-2840,"경기도 군포시 번영로 82, 이마트24 편의점(부곡동, 한국복합물류(주))",2024-05-23,37.33094595,126.9372266
군포2동,농민마트,031-451-8400,"경기도 군포시 한세로66번길 28(당정동, 덕산아파트)",2024-05-23,37.34651269,126.9566955
수리동,농민마트,031-393-8111,"경기도 군포시 군포로 733(금정동, S.H빌딩)",2024-05-23,37.35362209,126.9455453
군포1동,누나토스트,031-348-6314,"경기도 군포시 당정로 4, 1층 일부호(당정동)",2024-05-23,37.35051527,126.9569732
산본1동,다농마트,031-393-0636,"경기도 군포시 산본천로179번길 15, 1층(산본동)",2024-05-23,37.36436972,126.932892
군포1동,다래하이퍼마켓,031-455-1535,경기도 군포시 당산로29번길 2(당동),2024-05-23,37.35249722,126.9445298
군포1동,다정중국식품점,031-451-7879,"경기도 군포시 산본로197번길 28, 1층(당동)(당동)",2024-05-23,37.35404339,126.9554388
군포1동,당동DC마트,031-395-8374,경기도 군포시 금당로 137(당동),2024-05-23,37.35519323,126.9434486
군포1동,당말할인마트,031-395-4456,경기도 군포시 산본로249번길 29(당동),2024-05-23,37.35404339,126.9554388
산본1동,대기유통 할인마트,031-396-7066,"경기도 군포시 산본천로199번길 39, 제상가동 101~104호(산본동, 산본종합상가)",2024-05-23,37.36019522,126.9278637
재궁동,대남능금,070-4238-0205,"경기도 군포시 광정로 119-1(산본동, 대림솔거아파트 상가1동)",2024-05-23,37.36320776,126.926206
대야동,대림뉴마트,031-502-5333,"경기도 군포시 군포로 109(대야미동, 군포대야미 이-편한세상)",2024-05-23,37.3256945,126.9178114
군포2동,대림마트,031-392-8980,"경기도 군포시 금당로17번길 10(당동, 정마프라자)",2024-05-23,37.35021235,126.9398014
군포1동,대성철물건재,031-456-5262,경기도 군포시 당산로36번길 2(당동),2024-05-23,37.35249722,126.9445298
산본1동,대영상사,,"경기도 군포시 군포로745번길 44, 101호(산본동)",2024-05-23,37.35362209,126.9455453
군포1동,대영슈퍼,031-455-2302,"경기도 군포시 당동로32번길 54(당동, 유한빌라)",2024-05-23,37.35101649,126.9411627
수리동,대영염가매장,031-456-7208,경기도 군포시 당산로97번길 22(금정동),2024-05-23,37.35249722,126.9445298
도마교동,더킹마트,031-415-6989,"경기도 군포시 송부로34번길 9-5, 1층(도마교동)",2024-05-23,37.31431,126.9154787
산본1동,덕수마트,,"경기도 군포시 송부로 222-1, 의왕역센트럴파크 상가동 101호(부곡동)",2024-05-23,37.32198361,126.9350799
군포2동,동성마트,031-391-6500,"경기도 군포시 고산로539번길 22(산본동, 동성백두아파트 상가)",2024-05-23,37.3640125,126.9255356
산본1동,동우마트,031-392-7762,"경기도 군포시 산본천로217번길 63, 1층(산본동)",2024-05-23,37.36436972,126.932892
오금동,동원그린마트,031-429-8413,"경기도 군포시 산본로 394, 1층 111호(산본동, 대림프라자)",2024-05-23,37.36515212,126.9296933
군포1동,두리슈퍼마켓,031-452-4429,경기도 군포시 엘에스로45번길 62(당정동),2024-05-23,37.36567977,126.956611
수리동,두리슈퍼마켓,031-454-5428,경기도 군포시 엘에스로91번길 83(금정동),2024-05-23,37.36567977,126.956611
수리동,두현홈마트,031-459-0023,"경기도 군포시 당산로 104, 202호(금정동, 두현타워)",2024-05-23,37.35249722,126.9445298
수리동,드림디포 군포점,031-436-1083,"경기도 군포시 고산로 166, 101동 211호(당정동, 에스케이벤티움)(당정동, SK벤티움)",2024-05-23,37.34876012,126.9538559
군포1동,또 터졌다 복권마트,031-2439-6464,"경기도 군포시 군포로565번길 28, 101호(당동)",2024-05-23,37.35362209,126.9455453
오금동,럭키슈퍼렛,031-393-0189,"경기도 군포시 산본천로 18(산본동, 을지아파트 상가)",2024-05-23,37.35859361,126.9263762
송부동,롯데쇼핑(주) 롯데마트 의왕점,031-470-2500,"경기도 의왕시 계원대학로 7(내손동, 롯데마트)",2024-05-23,37.38057882,126.9727777
산본2동,롯데쇼핑(주) 롯데슈퍼산본2동점,031-393-5601,경기도 군포시 고산로677번길 40(산본동),2024-05-23,37.34634518,126.9430899
오금동,롯데슈퍼 산본피트인점,031-8033-1350,"경기도 군포시 번영로 485, 1층(산본동, 롯데 피트인 산본)",2024-05-23,37.357857,126.9306346
대야동,롯데슈퍼 송정점,031-416-1999,"경기도 군포시 송부로74번길 3-40, B1, 101, 102호(도마교동, 금강프라자)",2024-05-23,37.31562346,126.9184718
군포2동,마마트 용호점,,경기도 군포시 용호1로 12,2024-05-23,37.34363216,126.9383956
오금동,목련할인마트,031-393-8095,"경기도 군포시 산본로432번길 4, 지하 5호(산본동, 목련아파트 상가)",2024-05-23,37.36682751,126.9283618
수리동,미니스톱 군포하니점,,"경기도 군포시 번영로610번길 8, 1호(금정동)",2024-05-23,37.32315699,126.9400319
수리동,미래할인마트,,"경기도 군포시 군포로683번안길17-4, 1층101호 미래할인마트(금정동, 퍼스트빌)",2024-05-23,37.35579899,126.9465018
대야동,미래할인마트(대야미점),,"경기도 군포시 대야2로143번길 25, 지1층 102호(대야미동)",2024-05-23,37.32865563,126.9200063
재궁동,민영상사,031-2380-7185,"경기도 군포시 고산로 529(산본동, 금강2단지주상복합아파트)",2024-05-23,37.36024515,126.9225566
금정동,민지네슈퍼,031-392-4881,"경기도 군포시 번영로 333(산본동, 가야종합상가)",2024-05-23,37.35184938,126.9250801
군포1동,바이더웨이,031-456-0105,"경기도 군포시 고산로 166, 101동 215호(당정동, SK벤티움)",2024-05-23,37.34876012,126.9538559
군포1동,반월상회,031-455-8928,"경기도 군포시 산본로198번길 7(당동, 성일빌라)",2024-05-23,37.35481527,126.9476253
오금동,보물창고,031-398-6955,"경기도 군포시 광정로 80, 지하1층(산본동, 신원타워빌딩)",2024-05-23,37.36207705,126.9279458
군포2동,부곡진로마트,031-462-4449,"경기도 군포시 송부로273번안길 3-35, 1층(부곡동)",2024-05-23,37.31431,126.9154787
궁내동,산본농민마트,031-399-3040,"경기도 군포시 산본로 296-1, 102호(금정동, 주공1단지내 상가)",2024-05-23,37.35765417,126.9360628
산본2동,산본래미안할인마트,031-7151-3473,"경기도 군포시 금산로 65(산본동, 삼성래미안 1단지 분산상가1,2호)",2024-05-23,37.36807846,126.9379662
오금동,산본할인마트,031-395-4005,경기도 군포시 광정로 59(산본동),2024-05-23,37.36207705,126.9279458
산본1동,산본홈마트,031-392-1999,"경기도 군포시 산본천로199번길 22-4(산본동, 현지에코빌)",2024-05-23,37.37131891,126.9391192
군포2동,삼성마트,031-399-5556,경기도 군포시 당동로31번길 3(당동),2024-05-23,37.35097123,126.9434404
산본1동,삼성마트,031-392-8983,"경기도 군포시 산본천로214번길 30, 지하1층 삼성마트(산본동, 삼성아파트 상가)",2024-05-23,37.36068993,126.9248989
산본1동,삼성슈퍼,031-393-1387,"경기도 군포시 산본천로214번길 21, 1층(산본동)",2024-05-23,37.36436972,126.932892
수리동,상미왕할인마트,031-429-9872,"경기도 군포시 금산로 9, 지층 101-1, 101-2, 101-3호(금정동, 거성아파트)",2024-05-23,37.36337246,126.9407272
오금동,상민슈퍼,031-396-8502,"경기도 군포시 산본로369번길 16, 106호(산본동, 주몽아파트 종합상가)",2024-05-23,37.35484835,126.9474398
수리동,서초슈퍼,031-454-5884,경기도 군포시 당산로 130(금정동),2024-05-23,37.35249722,126.9445298
광정동,선경종합보수,031-395-3029,"경기도 군포시 광정로 25-57(금정동, 율곡아파트 중심상가)",2024-05-23,37.35402851,126.9310579
산본1동,선양,031-393-8838,경기도 군포시 금산로 100 (산본동),2024-05-23,37.36537845,126.9392447
재궁동,세븐산본점,,"경기도 군포시 고산로 529, 115(산본동, 금강2단지주상복합아파트)",2024-05-23,37.36024515,126.9225566
수리동,세븐일레븐 군포금정원룸점,02-3284-8506,"경기도 군포시 금정로18번길 2, 1층 101호(금정동)",2024-05-23,37.36763814,126.9436837
군포1동,세븐일레븐 군포거성점,,"경기도 군포시 한세로78번길 16, 104동 지하층B02호(당정동, 거성에이플APT)",2024-05-23,37.34782246,126.9572535
군포1동,세븐일레븐 군포공단중앙점,,"경기도 군포시 공단로140번길52, 109-2호",2024-05-23,37.34653213,126.9487045
수리동,세븐일레븐 군포금정동점,031-427-7368,경기도 군포시 엘에스로91번길 69 (금정동),2024-05-23,37.36567977,126.956611
수리동,세븐일레븐 군포금정로점,,"경기도 군포시 금정로 9, 금정동(금정동)",2024-05-23,37.36763814,126.9436837
산본1동,세븐일레븐 군포금정점,,"경기도 군포시 엘에스로 153-18, 102호(산본동, L&C타워)",2024-05-23,37.37397628,126.9444891
군포2동,세븐일레븐 군포당동대로점,031-391-1572,"경기도 군포시 군포로 485, 1층(당동)",2024-05-23,37.35362209,126.9455453
군포1동,세븐일레븐 군포당동로점,,"경기도 군포시 당동로32번길 25, 1층(당동)",2024-05-23,37.35097123,126.9434404
군포2동,세븐일레븐 군포당동본점,031-393-5912,"경기도 군포시 군포로456번길 29, 101호(당동, 썬빌리지)",2024-05-23,37.34643576,126.9468751
군포1동,세븐일레븐 군포당동점,,"경기도 군포시 군포로565번길 3, 101호(당동, 더그레이트힐)(당동)",2024-05-23,37.35579899,126.9465018
군포2동,세븐일레븐 군포당동타운점,,경기도 군포시 군포역1길 186,2024-05-23,37.35406854,126.9484849
군포1동,세븐일레븐 군포당정역점,,"경기도 군포시 당정역로 78-4, 101호(당정동)",2024-05-23,37.34518138,126.948924
대야동,세븐일레븐 군포대야미점,,"경기도 군포시 대야2로 35, 1층 114호(대야미동, 천봉프라자)",2024-05-23,37.33024474,126.9168443
군포1동,세븐일레븐 군포로점,,"경기도 군포시 당동로21번길 50, 1층 5호(당동, 한미상가)",2024-05-23,37.34901224,126.9413376
수리동,세븐일레븐 군포번영로점,,경기도 군포시 번영로609번길 24(금정동),2024-05-23,37.32315699,126.9400319
궁내동,세븐일레븐 군포번영점,031-392-0525,"경기도 군포시 번영로550번길 7(금정동, 화성 무궁화아파트 분산상가)",2024-05-23,37.3470681,126.9258203
산본1동,세븐일레븐 군포비타점,,"경기도 군포시 송부로 24, 102호(도마교동)",2024-05-23,37.31446481,126.9155152
산본1동,세븐일레븐 군포산본점,031-464-2077,"경기도 군포시 군포로775번길 16, 1층(산본동)",2024-05-23,37.35362209,126.9455453
군포2동,세븐일레븐 군포삼성로점,,"경기도 군포시 삼성로 41, 101호, 102호(부곡동, 삼성마을6단지)",2024-05-23,37.33770761,126.9316363
군포2동,세븐일레븐 군포삼성점,,"경기도 군포시 번영로200번길 71, 제상가동 102호(부곡동, 삼성마을)",2024-05-23,37.33400346,126.9284753
군포1동,세븐일레븐 군포성원점,,"경기도 군포시 고산로185번길 41, 1층 103호(당정동, 청천마을성원아파트 상가)",2024-05-23,37.3640125,126.9255356
군포2동,세븐일레븐 군포센트럴파크점,,"경기도 군포시 삼성로 31, 101호(부곡동, 삼성마을 센트럴파크)",2024-05-23,37.33802383,126.9304721
도마교동,세븐일레븐 군포송부로점,,"경기도 군포시 송부로74번길 25-16, 1층(도마교동)",2024-05-23,37.31431,126.9154787
도마교동,세븐일레븐 군포송정점,031-9032-9127,"경기도 군포시 송부로96번길 29, 1층 105호(도마교동)(도마교동, 엘에이치송정마을)",2024-05-23,37.31607395,126.9190667
송부동,세븐일레븐 군포송정지구점,031-427-0555,"경기도 군포시 송부로34번길 2, 108호(도마교동, 엔젤리움플라자)",2024-05-23,37.31562346,126.9184718
궁내동,세븐일레븐 군포시청점,,"경기도 군포시 번영로557번길 28, 102호(금정동)",2024-05-23,37.32315699,126.9400319
군포2동,세븐일레븐 군포용호마을점,031-7510-0631,경기도 군포시 용호1로 53,2024-05-23,37.34363216,126.9383956
군포2동,세븐일레븐 군포용호점,,"경기도 군포시 용호1로5번길 11, 101호, 102호(당동, 성원빌딩)",2024-05-23,37.34232011,126.9377191
궁내동,세븐일레븐 군포충무점,,"경기도 군포시 오금로 71, 102호(금정동)",2024-05-23,37.35709267,126.937815
나동,세븐일레븐 군포태화점,,"경기도 군포시 송부로273번안길 3-11(부곡동, 태화빌딩)",2024-05-23,37.32298334,126.9421061
수리동,세븐일레븐 군포테크노점,031-7102-4723,"경기도 군포시 당산로 202-1, 1호(산본동)",2024-05-23,37.35249722,126.9445298
군포1동,세븐일레븐 군포한세대점,031-429-5520,"경기도 군포시 고산로185번길 4, 1층(당정동, 황토빌딩)",2024-05-23,37.34634518,126.9430899
수리동,세븐일레븐 군포흥진점,031-394-1774,"경기도 군포시 오금로 15-30, 104호(금정동, 세원교육센터)",2024-05-23,37.35306369,126.9298012
산본1동,세븐일레븐 금정삼성쉐르빌점,,"경기도 군포시 공단로 356-54, 148호(산본동, 금정삼성쉐르빌)",2024-05-23,37.37442331,126.9432171
수리동,세븐일레븐 금정역점,,"경기도 군포시 군포로735번길 3, 1층(금정동)",2024-05-23,37.35362209,126.9455453
산본1동,세븐일레븐 금정영빈점,031-395-3789,"경기도 군포시 산본천로214번길 6(산본동, 광정빌딩)",2024-05-23,37.36436972,126.932892
수리동,세븐일레븐 금정제일공원점,031-5164-7084,"경기도 군포시 번영로610번길 48, 101, 102호(금정동, 금호아파트)",2024-05-23,37.34388964,126.9230426
산본1동,세븐일레븐 금정타운점,031-4072-3324,경기도 군포시 산본천로199번길 12(산본동),2024-05-23,37.36436972,126.932892
산본1동,세븐일레븐 금정희망점,031-391-5132,"경기도 군포시 산본천로221번길 17, 101호(산본동)",2024-05-23,37.36436972,126.932892
대야동,세븐일레븐 대야미은서점,031-4197-2508,"경기도 군포시 대야2로7번길 19, 1층 105~110호(대야미동)",2024-05-23,37.32865563,126.9200063
금정동,세븐일레븐 산본가야점,031-392-4817,"경기도 군포시 번영로 317(산본동, 가야아파트 상가)",2024-05-23,37.34388964,126.9230426
산본2동,세븐일레븐 산본개나리점,031-392-0711,"경기도 군포시 고산로677번길 36, 1층 109,111호(산본동, 개나리아파트상가)",2024-05-23,37.3640125,126.9255356
산본2동,세븐일레븐 산본곡란점,,"경기도 군포시 곡란로98번길 1-9, 102호(산본동)",2024-05-23,37.37261935,126.9286753
산본2동,세븐일레븐 산본래미안점,,"경기도 군포시 금산로 65, 105호(산본동, 래미안 하이어스 아파트상가(147동))",2024-05-23,37.36807846,126.9379662
오금동,세븐일레븐 산본로점,02-2631-7406,"경기도 군포시 산본로323번길 23, 102호(산본동, 동선빌딩)",2024-05-23,37.35844608,126.9315432
산본1동,세븐일레븐 산본매화주공점,,"경기도 군포시 곡란로8번길 35-21, 상가동 101호(산본동, 매화아파트상가)",2024-05-23,37.37383465,126.9352057
산본2동,세븐일레븐 산본세종점,031-391-6851,"경기도 군포시 산본천로 34-46, 101호(산본동, 주공 6단지 세종아파트 일반상가)",2024-05-23,37.35773194,126.9289545
산본1동,세븐일레븐 산본시장점,,"경기도 군포시 금산로 106, 1층(산본동)",2024-05-23,37.36537845,126.9392447
광정동,세븐일레븐 산본한라2차점,031-395-1114,"경기도 군포시 번영로 330(산본동, 한라2차아파트 종합상가)",2024-05-23,37.34503016,126.9252676
오금동,세븐일레븐 산본희망점,031-393-2582,"경기도 군포시 산본로323번길 7, 1층 101호(산본동, 금성프라자)",2024-05-23,37.36515212,126.9296933
송부동,세븐일레븐 의왕오전공단점,,"경기도 의왕시 경수대로391번길 25, 오전동(오전동, 대승정밀)",2024-05-23,37.33731741,126.9804629
군포1동,세븐일레븐1682호점,031-427-9901,경기도 군포시 군포역1길 10(당동),2024-05-23,37.35406854,126.9484849
오금동,세븐일레븐디오플러스,,"경기도 군포시 번영로 505, 101(산본동, 대우디오플러스)",2024-05-23,37.35880999,126.9332727
대야동,송정식자재마트,031-407-0608,"경기도 군포시 송부로96번길12, 리치안 A동 1204호,125호,125호",2024-05-23,37.32393152,126.9326005
도마교동,송정할인마트,031-407-8060,"경기도 군포시 송부로33번길 3-3, 101호(도마교동)",2024-05-23,37.31431,126.9154787
군포1동,슬기마트,031-8884-4864,"경기도 군포시 당정로28번길 18-1, 1층 104호(당정동)",2024-05-23,37.35051527,126.9569732
오금동,신원전기철물,031-399-1212,"경기도 군포시 광정로 80, 108호(산본동, 신원타워빌딩)",2024-05-23,37.36207705,126.9279458
군포1동,신풍상사,031-453-5972,"경기도 군포시 봉성로 82-3, 103호(당정동, 도현빌딩)",2024-05-23,37.35177534,126.9539659
궁내동,신환DC마트,031-456-6200,"경기도 군포시 금재로 8(금정동, 신환아파트 상가1)",2024-05-23,37.36203021,126.9415536
광정동,싱싱마트,,"경기도 군포시 번영로 330, 104호(산본동, 한라2차아파트 종합상가)",2024-05-23,37.34503016,126.9252676
산본1동,싱싱유통 농업회사법인 유한회사,031-394-3910,경기도 군포시 산본천로 182(산본동),2024-05-23,37.36436972,126.932892
군포1동,씨스페이스 군포점,,"경기도 군포시 공단로140번길 52, 109호(당정동, 에이스 하이테크시티군포)",2024-05-23,37.3570582,126.9492048
산본2동,씨유 군포곡란점,,"경기도 군포시 곡란로74번길 1-1, 1층 103호, 104호(산본동)(산본동)",2024-05-23,37.37261935,126.9286753
산본1동,씨유 군포골드산단점,031-429-0135,"경기도 군포시 엘에스로182번길 35, 1층(산본동)",2024-05-23,37.36567977,126.956611
군포1동,씨유 군포공단점,031-427-1633,경기도 군포시 산본로 99(당정동),2024-05-23,37.35404339,126.9554388
도마교동,씨유 군포금강점,031-2389-3604,"경기도 군포시 송부로49번길 16, 제상가동 1층 104, 105호(도마교동, 금강펜테리움센트럴파크2차)",2024-05-23,37.32198361,126.9350799
군포2동,씨유 군포금당로점,,"경기도 군포시 금당로 39, 1층(당동, 자유로운 삶 아파트 상가)",2024-05-23,37.35107294,126.9395825
군포1동,씨유 군포금당점,,"경기도 군포시 금당로 58-1, 1층(당동)(당동)",2024-05-23,37.35519323,126.9434486
수리동,씨유 군포금정원룸점,031-457-6090,"경기도 군포시 군포로 707번길 21,1층",2024-05-23,37.35362209,126.9455453
수리동,씨유 군포금정초점,,"경기도 군포시 금정로39번길 1, 1층",2024-05-23,37.36763814,126.9436837
군포1동,씨유 군포당동점,031-429-5451,"경기도 군포시 군포로529번길 16, 1층(당동)",2024-05-23,37.35362209,126.9455453
수리동,씨유 군포대미주유소점,031-502-0833,경기도 군포시 군포로 10(도마교동),2024-05-23,37.35362209,126.9455453
대야동,씨유 군포대야미점,031-406-8097,"경기도 군포시 대야2로157번길 5-22, 1층 101호(대야미동)",2024-05-23,37.32865563,126.9200063
도마교동,씨유 군포더드림2호점,031-6503-8485,"경기도 군포시 송부로 88, 104호(도마교동)(도마교동)",2024-05-23,37.31446481,126.9155152
군포2동,씨유 군포덕산점,031-399-3949,"경기도 군포시 고산로250번길 32, 상가 1층(당동, 덕산아파트)",2024-05-23,37.3640125,126.9255356
군포2동,씨유 군포두산점,031-2485-5002,"경기도 군포시 군포로464번길 24, 1층(당동, 이정빌딩)",2024-05-23,37.35362209,126.9455453
오금동,씨유 군포미담점,,"경기도 군포시 산본로386번길5-11, 103호(산본동, 삼대빌딩)",2024-05-23,37.36527217,126.9300136
수리동,씨유 군포번영로점,,"경기도 군포시 번영로 579, 램스빌딩 1층",2024-05-23,37.32315699,126.9400319
군포1동,씨유 군포본점,031-429-3753,"경기도 군포시 당동로 24, 101호(당동)",2024-05-23,37.35097123,126.9434404
군포2동,씨유 군포부곡타운점,,"경기도 군포시 송부로291번길 32, 103~105호(부곡동, 휴먼시아 1단지 아파트 상가)",2024-05-23,37.32189089,126.9346197
군포2동,씨유 군포삼성점,031-399-0788,"경기도 군포시 삼성로20번길 1, 101호(부곡동)",2024-05-23,37.33768611,126.9327784
오금동,씨유 군포세종주공점,,"경기도 군포시 산본천로 34-5, 109호 (산본동, 세종아파트 종합상가)",2024-05-23,37.35946126,126.9280112
군포2동,씨유 군포센트리움점,,"경기도 군포시 용호1로16번길 28, 101동 제지2층 제비 201호(당동, 덕산큐브아파트)",2024-05-23,37.3457156,126.9406379
도마교동,씨유 군포송정점,02-1577-8007,"경기도 군포시 송부로96번길 30, 상가동 101, 102호(도마교동, 숲속반디채)",2024-05-23,37.3135601,126.9245682
금정동,씨유 군포수리점,031-393-8704,"경기도 군포시 수리산로 42(산본동, 한양수리아파트분산상가2동)",2024-05-23,37.35597103,126.9206562
군포2동,씨유 군포승리점,,"경기도 군포시 용호1로21번길 11, 제1층 제106호 (당동, 용호마을e편한세상 상가2)",2024-05-23,37.34457447,126.9368253
수리동,씨유 군포아젤리움점,,"경기도 군포시 당산로 137, 101호(금정동)",2024-05-23,37.35249722,126.9445298
산본1동,씨유 군포에스에이타워점,031-427-7166,"경기도 군포시 엘에스로 175(산본동, 에스에이타워)",2024-05-23,37.37525903,126.9433971
부곡동,씨유 군포에이스점,031-3759-2715,"경기도 군포시 군포첨단산업2로7번길 8, 101, 102호(부곡동)",2024-05-23,37.32640448,126.9430361
군포1동,씨유 군포엠테크점,,"경기도 군포시 공단로140번길 46, 1층, C101호, C102호(당정동)",2024-05-23,37.34653213,126.9487045
재궁동,씨유 군포우륵점,031-392-2271,"경기도 군포시 산본천로 33, 상가동 1층101호(산본동, 주공7단지 우륵아파트)",2024-05-23,37.35962816,126.9267386
오금동,씨유 군포우방점,031-2683-8318,"경기도 군포시 고산로643번길 9, 우방목련아파트상가 101, 102호(산본동, 우방목련아파트)",2024-05-23,37.3640125,126.9255356
광정동,씨유 군포율곡또와요점,,"경기도 군포시 오금로 45, 103, 104호(금정동, 율곡아파트 분산상가B동)",2024-05-23,37.3525657,126.9312957
군포1동,씨유 군포중앙점,031-452-5006,"경기도 군포시 군포로 497, 1층(당동)",2024-05-23,37.35362209,126.9455453
군포1동,씨유 군포지샘병원점,031-451-4277,"경기도 군포시 군포로 591, 지샘병원(당동, G샘병원)",2024-05-23,37.35869314,126.9472785
군포2동,씨유 군포첨단산업단지점,,"경기도 군포시 번영로 44, 106호(부곡동, 삼덕빌딩)",2024-05-23,37.32650838,126.93986
광정동,씨유 군포퇴계중앙점,031-5185-0426,"경기도 군포시 광정로 25-4, 1층(금정동)",2024-05-23,37.36207705,126.9279458
군포1동,씨유 군포팰리스점,031-3712-0996,"경기도 군포시 군포로560번길 3, 1층 103호(당동)(당동, 상훈휴팰리스)",2024-05-23,37.35388399,126.9459353
군포1동,씨유 군포푸르지오점,031-3087-6838,"경기도 군포시 당정역로 7, 103호, 104호(당정동, 청천마을대우아파트 상가)",2024-05-23,37.34298184,126.9508379
군포1동,씨유 군포한림에스타워점,031-9482-0300,"경기도 군포시 공단로124번길 23, 101호(당정동)",2024-05-23,37.34653213,126.9487045
군포1동,씨유 군포한림타워점,031-429-4942,"경기도 군포시 공단로140번길 22, 101호(당정동, 한림엘타워)",2024-05-23,37.3696537,126.945693
군포1동,씨유 군포한세대점,031-9977-8104,"경기도 군포시 고산로151번길 18, 104, 105호(당정동)",2024-05-23,37.34634518,126.9430899
군포2동,씨유 군포해피점,,"경기도 군포시 삼성로8번길 4-5, 101, 102호(부곡동, 드림시티)",2024-05-23,37.3360163,126.9341651
산본1동,씨유 금정역점,,"경기도 군포시 산본천로 217, 1층(산본동)",2024-05-23,37.36436972,126.932892
수리동,씨유 금정중앙점,,"경기도 군포시 당산로148번안길 28, 1층(금정동)",2024-05-23,37.35249722,126.9445298
수리동,씨유 금정타운점,031-398-2629,"경기도 군포시 군포로 719번길 12, 1층",2024-05-23,37.35362209,126.9455453
군포2동,씨유 당동삼성마을점,031-393-9845,"경기도 군포시 삼성로87번길 3-3, 1층(당동)",2024-05-23,37.33768611,126.9327784
군포1동,씨유 당동중앙점,,"경기도 군포시 당산로 88, B동 1층 101호",2024-05-23,37.36208342,126.9453086
군포2동,씨유 당동타운점,,"경기도 군포시 군포로485번길24, 1층(당동)",2024-05-23,37.35362209,126.9455453
군포1동,씨유 동군포점,031-6807-6088,"경기도 군포시 공단로 97(당동, 동영벤처스텔) 107호",2024-05-23,37.3696537,126.945693
당동,씨유 부곡중앙점,031-461-1774,경기도 군포시 송부로221번길 6(부곡동),2024-05-23,37.31431,126.9154787
산본1동,씨유 산본금산점,,"경기도 군포시 금산로62번길 11, 101호(산본동)",2024-05-23,37.36537845,126.9392447
산본2동,씨유 산본에듀점,,"경기도 군포시 산본로 378, 산본사이버텔 1층 112호",2024-05-23,37.36395963,126.9307305
궁내동,씨유 산본역점,031-392-0932,"경기도 군포시 산본로323번길 16-6(산본동, 신명타워)",2024-05-23,37.36057823,126.9326096
재궁동,씨유 산본우륵타운점,031-9192-6022,"경기도 군포시 산본천로 31, 상가 101호(산본동, 중앙교육센타)",2024-05-23,37.36068993,126.9248989
재궁동,씨유 산본주현점,,"경기도 군포시 산본천로 43-58, 1층",2024-05-23,37.36436972,126.932892
산본1동,씨유 산본흰수염고래점,,"경기도 군포시 산본천로 199번길 39, 1층 111호 등 일부호",2024-05-23,37.36436972,126.932892
도마교동,씨유 송정리치안점,031-406-7390,"경기도 군포시 송부로96번길 12, A-108(도마교동)",2024-05-23,37.32393152,126.9326005
송부동,씨유 의왕대로점,031-429-3060,경기도 의왕시 고산로 88(고천동),2024-05-23,37.3519506,126.971213
산본1동,씨유군포금정점,,"경기도 군포시 산본천로 224-1, 1층",2024-05-23,37.36436972,126.932892
수리동,씨유군포장미점,031-427-9570,"경기도 군포시 금산로21번길 2, 101호(금정동)",2024-05-23,37.36537845,126.9392447
수리동,씨유군포한림점,031-427-4689,"경기도 군포시 공단로 284, 103-1호(금정동, 한림벤쳐타운)",2024-05-23,37.3696537,126.945693
군포1동,씨유당정역점,031-427-1240,"경기도 군포시 고산로211번길 16, 103호(당정동)",2024-05-23,37.34634518,126.9430899
궁내동,씨유산본무궁화점,031-393-9100,"경기도 군포시 산본로 294(금정동, 주공1단지 상가)",2024-05-23,37.35765417,126.9360628
오금동,씨유산본중앙로점,031-398-4999,"경기도 군포시 광정로 78(산본동, 유공프라자)",2024-05-23,37.36001076,126.9297704
산본1동,아울렛 DC마트,,경기도 군포시 산본천로 193,2024-05-23,37.36436972,126.932892
재궁동,아울렛마트,031-398-0651,"경기도 군포시 고산로539번길 4(산본동, 극동백두아파트 상가)",2024-05-23,37.3640125,126.9255356
산본1동,아주마트,031-5288-8964,경기도 군포시 고산로724번길 5(산본동),2024-05-23,37.34634518,126.9430899
군포2동,아톰문구센타,031-395-6492,"경기도 군포시 산본로 329, 5층 501, 502호(산본동, 경원빌딩)",2024-05-23,37.36000593,126.9331109
군포1동,안성슈퍼,031-454-0527,경기도 군포시 군포로510번길 47(당동),2024-05-23,37.35362209,126.9455453
산본1동,알뜰미도,031-393-8305,"경기도 군포시 고산로 747(산본동, 삼성미도아파트)",2024-05-23,37.37574308,126.9396212
군포1동,알파군포 당동점,031-391-8985,"경기도 군포시 군포로 470, 104호(당동, 경림빌딩)",2024-05-23,37.34818701,126.9440787
수리동,양지유통,031-456-5576,경기도 군포시 당산로97번길 36(금정동),2024-05-23,37.35249722,126.9445298
수리동,에스(S) 마트,031-427-5275,"경기도 군포시 엘에스로 172(금정동, 한림휴먼타워)",2024-05-23,37.37568104,126.9442813
군포1동,엠마트,031-427-2505,경기도 군포시 군포로 523 (당동),2024-05-23,37.35362209,126.9455453
군포2동,열린할인마트,031-461-5903,"경기도 군포시 송부로291번길 31(부곡동, 휴먼시아 2단지 아파트 상가)",2024-05-23,37.32189089,126.9346197
수리동,염가매장,031-453-3013,"경기도 군포시 산본천로226번안길 5, 1층(금정동)",2024-05-23,37.36436972,126.932892
산본1동,오뚜기문구,031-452-9953,경기도 군포시 금정로42번길 31(산본동),2024-05-23,37.36763814,126.9436837
군포1동,오봉상회,031-452-7802,경기도 군포시 공단로104번길 21(당정동),2024-05-23,37.34653213,126.9487045
군포1동,오피스넥스 군포의왕점,031-427-2668,"경기도 군포시 엘에스로 13, S-203호(당정동, 신일IT유토지식산업센터)",2024-05-23,37.36567977,126.956611
군포1동,용진슈퍼,031-457-1201,"경기도 군포시 당정로60번안길 7, 당정동(당정동)",2024-05-23,37.35051527,126.9569732
오금동,우리편의점,,"경기도 군포시 광정로 70(산본동, 유공빌딩)",2024-05-23,37.35945461,126.9302069
군포1동,우리할인마트,031-397-8383,"경기도 군포시 금당로 129번길 1, 1층102호(당동)",2024-05-23,37.35519323,126.9434486
궁내동,우리홈마트(금정점),031-459-5533,"경기도 군포시 금재로 4, 1층(금정동, 신환아파트 상가2)",2024-05-23,37.36203021,126.9415536
대야동,원마트,031-418-8883,"경기도 군포시 대야2로 155, 지1층 B01호(대야미동, 스타파크)",2024-05-23,37.3292328,126.9164177
재궁동,월드유통,,"경기도 군포시 고산로 515, 109호(GS휘트니스클럽빌딩)(산본동, GS휘트니스클럽빌딩)",2024-05-23,37.35940426,126.922611
오금동,위드미 군포중앙공원점,031-6599-1741,"경기도 군포시 고산로 596-15(산본동, 주몽마을대림아파트)",2024-05-23,37.34609747,126.946042
오금동,이마트 산본점,031-380-5678,"경기도 군포시 산본로 347, 이마트 산본점(산본동, 이마트백화점)",2024-05-23,37.36109054,126.9314153
수리동,이마트 의왕점,031-2617-1012,"경기도 의왕시 경수대로 262, 지하 2층(오전동, 서해그랑블)",2024-05-23,37.35068145,126.9731894
군포1동,이마트24 R군포당정타운점,031-429-2890,"경기도 군포시 고산로151번길 21, 106, 107호(당정동, 신세기프라자)",2024-05-23,37.34629711,126.9448701
군포2동,이마트24 R군포동아점,031-393-9906,"경기도 군포시 군포로490번길 25, 101, 102호(당동, 동아아파트 상가)",2024-05-23,37.32613214,126.9158629
군포2동,이마트24 self 군포시티프라디움점,070-4285-9380,"경기도 군포시 삼성로59번길 16, 101호(당동, 삼성마을 시티프라디움)",2024-05-23,37.33802383,126.9304721
군포1동,이마트24 군포공단점,031-429-5652,"경기도 군포시 산본로77번길 24, 1층 일부(당정동)",2024-05-23,37.35404339,126.9554388
재궁동,이마트24 군포금강점,031-395-4575,"경기도 군포시 고산로517번길 18, 111호(산본동, 금강1차아파트 종합상가)",2024-05-23,37.36024515,126.9225566
도마교동,이마트24 군포금강펜테리움점,02-6916-1500,"경기도 군포시 송부로33번길 7-4, 102호(도마교동)",2024-05-23,37.31431,126.9154787
광정동,이마트24 군포다산점,070-4159-8642,"경기도 군포시 오금로 18, 상가동 1층 101호(금정동, 주공3단지 상가)",2024-05-23,37.35201664,126.9310857
대야동,이마트24 군포대림점,031-2435-3830,"경기도 군포시 군포로 109-5, 103호(대야미동)",2024-05-23,37.35362209,126.9455453
수리동,이마트24 군포더트렌디점,031-429-7622,"경기도 군포시 당산로 158, 1층 102호(금정동)",2024-05-23,37.35249722,126.9445298
산본1동,이마트24 군포매화점,031-391-9711,"경기도 군포시 곡란로 24, 105, 109호(산본동, 매화아파트 상가)",2024-05-23,37.37417821,126.9351653
수리동,이마트24 군포삼삼점,,"경기도 군포시 금산로33번길 11-1, 1층 (금정동)",2024-05-23,37.36537845,126.9392447
군포2동,이마트24 군포삼성마을점,031-399-3538,"경기도 군포시 삼성로 79, 제상가동 102호(당동, 삼성마을1단지)",2024-05-23,37.33770761,126.9316363
산본2동,이마트24 군포신안모란점,,"경기도 군포시 고산로643번길 12, 1층 15호(산본동, 신안모란아파트 상가)",2024-05-23,37.36897929,126.9314898
군포2동,이마트24 군포에이스점,031-393-2294,"경기도 군포시 금당로17번길 11, 101호(당동, 무지개마을 대림아파트 상가)",2024-05-23,37.35107294,126.9395825
대야동,이마트24 반월호수점,,"경기도 군포시 호수로 93-2, 1층 일부(둔대동)",2024-05-23,37.32392184,126.8923909
오금동,이마트24 산본까치점,031-393-0416,"경기도 군포시 고산로 571, 상가동 지층 1호(산본동, 한양백두아파트 상가)",2024-05-23,37.3640125,126.9255356
오금동,이마트24 산본센트로점,,"경기도 군포시 산본천로 56, 117호(산본동, 센트로 601 오피스텔)",2024-05-23,37.36039843,126.9299956
재궁동,이마트24 산본수리산로점,031-396-0394,"경기도 군포시 수리산로 136, 101호(산본동, 금강1차아파트 상가)",2024-05-23,37.35812802,126.9168521
산본2동,이마트24 산본우성점,031-398-8599,"경기도 군포시 고산로677번길 24-16, B동 1호(산본동, 동백우성아파트 상가(B동))",2024-05-23,37.37398229,126.9375576
오금동,이마트24 산본을지점,,"경기도 군포시 산본천로 18,108A,109A,113,114호(산본동, 을지아파트상가)",2024-05-23,37.35859361,126.9263762
산본1동,이마트24 산본훈이점,031-391-1174,"경기도 군포시 산본천로 119-5, 108,109,112,113호(산본동, 주공 11단지 아파트 상가)",2024-05-23,37.36019522,126.9278637
군포1동,이마트에브리데이 당동점,033-380-5678,경기도 군포시 군포로 502 (당동),2024-05-23,37.35362209,126.9455453
군포2동,이마트에브리데이 용호점,,경기도 군포시 용호1로 24(당동),2024-05-23,37.34363216,126.9383956
군포1동,장애인기업 이음,031-453-1112,"경기도 군포시 맑은내1길 87, 2층(당정동)",2024-05-23,37.35527014,126.9622816
궁내동,적성그린마트,031-457-0868,"경기도 군포시 번영로 576, A호(금정동, 적성아파트)",2024-05-23,37.36096163,126.9405246
수리동,제일마트,031-429-5083,"경기도 군포시 금재로25번길 4, 1층(금정동)",2024-05-23,37.36241758,126.9416609
금정동,주공중앙슈퍼,031-392-6769,"경기도 군포시 번영로 387(산본동, 가야아파트 일반상가)",2024-05-23,37.34388964,126.9230426
수리동,주식회사 각시피앤씨,031-427-7533,경기도 군포시 산본로 63(당정동),2024-05-23,37.35404339,126.9554388
금정동,주식회사 원마트,031-392-5254,"경기도 군포시 수리산로 8, 지층 1호(산본동, 한양프라자)",2024-05-23,37.36587298,126.9230136
군포2동,주식회사 잘먹고잘사는사람들 군포부곡지점,,"경기도 군포시 삼성로20번길 3-8, 1층(부곡동)",2024-05-23,37.33768611,126.9327784
군포2동,주식회사 지에프디,031-398-3519,"경기도 군포시 용호2로 33(당동, 한우리교육문화센타)",2024-05-23,37.34342854,126.9422641
군포1동,지에스 더 프레시 군포당정점,031-451-3033,경기도 군포시 한세로12번길 25(당정동),2024-05-23,37.34677486,126.95134
수리동,지에스(GS)25 금정AK점,,"경기도 군포시 엘에스로 143, 1012호(금정동, 힐스테이트 금정역)",2024-05-23,37.37285004,126.9449233
군포1동,지에스25 군포마리오점,070-7786-0711,"경기도 군포시 공단로140번안길 32, 1층(당정동)",2024-05-23,37.34653213,126.9487045
군포2동,지에스25 군포부곡빌리지점,,"경기도 군포시 송부로291번길 5, 1층(부곡동)",2024-05-23,37.31431,126.9154787
군포1동,지에스25 군포빌리지점,,"경기도 군포시 군포로580번길 50, 101호(당동)",2024-05-23,37.35362209,126.9455453
군포1동,지에스25 군포산업단지점,,"경기도 군포시 산본로 98, 1층 9호, 10호(당정동)",2024-05-23,37.35404339,126.9554388
군포2동,지에스25 군포설악점,,"경기도 군포시 수리산로 100, 상가동 101호(산본동, 설악아파트 상가)",2024-05-23,37.35812802,126.9168521
군포1동,지에스25 군포열린점,,경기도 군포시 당동로22번길 21(당동),2024-05-23,37.35097123,126.9434404
군포1동,지에스25 군포제일점,031-3997-8560,"경기도 군포시 당산로 74, 1층(당동)",2024-05-23,37.35249722,126.9445298
수리동,지에스25 군포태광점,031-429-8982,"경기도 군포시 번영로609번길 6, 104호(금정동, 태광오피스텔3차)",2024-05-23,37.36160286,126.939235
군포1동,지에스25 군포해밀점,031-459-4567,"경기도 군포시 군포로510번길 25, 106, 107호(당동, 당동누리에뜰해밀)",2024-05-23,37.35318798,126.9458995
광정동,지에스25 금정주공점,,"경기도 군포시 광정로 25-58, 상가동 101호(금정동, 퇴계주공아파트 상가)",2024-05-23,37.35414625,126.9305488
산본1동,지에스25 금정중앙점,,"경기도 군포시 군포로745번길 62, 1층(산본동)",2024-05-23,37.35362209,126.9455453
군포1동,지에스25 당정센터,031-427-9357,"경기도 군포시 고산로211번길 32, 103호104호(당정동)",2024-05-23,37.34634518,126.9430899
군포2동,지에스25 부곡삼성점,031-6267-2973,"경기도 군포시 번영로200번길 23, 101, 102호(부곡동, 삼성마을 5단지 아파트 상가)",2024-05-23,37.34388964,126.9230426
산본2동,지에스25 산본개나리점,,"경기도 군포시 곡란로 51, 상가 나동 102호(산본동, 개나리아파트 상가)",2024-05-23,37.37479596,126.9319618
오금동,지에스25 산본대림점,,"경기도 군포시 산본로 390, 105호 106호(산본동, 대림타운)",2024-05-23,37.36478141,126.9300142
도마교동,지에스25 송정금강점,031-5062-4921,"경기도 군포시 송부로96번길 13, 상가동 111호(도마교동, 금강펜테리움센트럴파크 3차)",2024-05-23,37.32198361,126.9350799
군포2동,지에스25군포동아,031-429-2088,경기도 군포시 군포로490번길 9-2(당동),2024-05-23,37.35362209,126.9455453
군포1동,지에스25군포비즈타워점,,"경기도 군포시 공단로 140번길38, 106,107호(당정동, 군포센트럴biz파크)",2024-05-23,37.3570582,126.9492048
수리동,지에스25군포삼환점,033-6316-1387,"경기도 군포시 수리산로 15, 103호,104호,114호 (산본동, 계룡아파트상가)",2024-05-23,37.35691411,126.9230001
군포2동,지에스25군포역길점,,"경기도 군포시 군포로490번길53, 1층",2024-05-23,37.35362209,126.9455453
부곡동,지에스25군포휴먼시아,031-398-8552,"경기도 군포시 송부로273번길 27, 105호(부곡동, 의왕역센트럴시티)",2024-05-23,37.32198361,126.9350799
군포1동,지에스더프레시 군포고산점,031-477-6722,"경기도 군포시 고산로151번길 28, 107호~111호(당정동, LG프라자)",2024-05-23,37.34629711,126.9448701
재궁동,지에스더프레시 군포산본점,,"경기도 군포시 산본천로 43-6, 1층 102호(산본동, 한숲 스포츠센타)",2024-05-23,37.3605935,126.9281338
오금동,지에스더프레시 산본역점,,"경기도 군포시 광정로 59, 101, 102호(산본동)",2024-05-23,37.36207705,126.9279458
금정동,지에스더프레시(군포수리점),,"경기도 군포시 수리산로 38-1, 1층 (수리동)",2024-05-23,37.3560407,126.9210323
오금동,지에스더프레시(산본프라자점),,"경기도 군포시 산본로 394,1층 111호 (산본동, 대림프라자)",2024-05-23,37.36515212,126.9296933
군포1동,진미슈퍼,031-452-6481,경기도 군포시 공단로36번길 2(당정동),2024-05-23,37.34653213,126.9487045
군포1동,진성철물설비,031-398-1789,경기도 군포시 당동로21번길 3(당동),2024-05-23,37.35097123,126.9434404
수리동,찾아가는 과일,031-501-0155,"경기도 군포시 송부로96번길 30, 상가동 104호(도마교동, 숲속반디채)",2024-05-23,37.3135601,126.9245682
오금동,청우전기철물,031-395-8204,"경기도 군포시 산본로323번길 4-7(산본동, 청우빌딩)",2024-05-23,37.35404339,126.9554388
재궁동,초록마을 산본수리점,031-393-3042,"경기도 군포시 고산로 515, 109호 일부(산본동, GS휘트니스클럽빌딩)",2024-05-23,37.35940426,126.922611
오금동,초록마을 산본점,031-394-7762,"경기도 군포시 광정로 80, 105, 106호(산본동, 신원타워빌딩)",2024-05-23,37.36207705,126.9279458
궁내동,충무마트,031-399-0002,"경기도 군포시 산본로 299(금정동, 주공2단지)",2024-05-23,37.35765417,126.9360628
군포1동,칸식자재마트,031-465-2220,경기도 군포시 군포로 547 (당동),2024-05-23,37.35362209,126.9455453
군포1동,케이(K)마트,031-459-9606,"경기도 군포시 산본로 85-7, 당정동(당정동)",2024-05-23,37.35404339,126.9554388
수리동,코레일유통 주식회사(금정역사),,"경기도 군포시 군포로 750, 금정역사 맞이방(금정동, 금정역)",2024-05-23,37.37230034,126.9433823
군포1동,코레일유통 주식회사(당정역 스토리웨이),031-7092-7079,"경기도 군포시 당정역로 91, 당정역사내 당정맞이편의점",2024-05-23,37.34445699,126.9483475
산본1동,코레일유통 주식회사(산본역사),070-7092-7973,"경기도 군포시 번영로 504, 산본역사내 3층(산본동, 산본역)",2024-05-23,37.357857,126.9306346
금정동,코레일유통 주식회사(수리산역사),070-7092-7973,"경기도 군포시 번영로 385, 수리산역사내(산본동, 수리산역",2024-05-23,37.35013122,126.9254907
재궁동,코코마트,031-392-6548,"경기도 군포시 광정로 119-1(산본동, 대림솔거아파트 상가1동)",2024-05-23,37.36320776,126.926206
군포1동,태림정공,031-457-1197,"경기도 군포시 산본로48번길 40(당정동, 태림정공)",2024-05-23,37.3586686,126.9590619
당동,터미널슈퍼,031-460-2160,"경기도 군포시 번영로 82, 관리편익동 18동(1층)(부곡동, 한국복합물류(주))",2024-05-23,37.33094595,126.9372266
군포2동,판다몰,031-398-0655,"경기도 군포시 고산로250번길12, 중앙프라자 1층 10호, 108호",2024-05-23,37.34629711,126.9448701
군포1동,팝마트,031-459-1100,"경기도 군포시 군포로510번길 18, 107호(당동, 당동종합상가아파트)",2024-05-23,37.32613214,126.9158629
오금동,페이펄문구센터 산본점,,"경기도 군포시 산본로323번길 22, 계정빌딩 지하 1층",2024-05-23,37.35878141,126.9316032
수리동,편의점사랑 금정점,031-452-6800,경기도 군포시 공단로 300(금정동),2024-05-23,37.34653213,126.9487045
산본1동,편한상사,031-465-0320,"경기도 군포시 엘에스로 182번길 34-24, 1층 일부, 중2층(산본동)",2024-05-23,37.36567977,126.956611
수리동,푸른마트,031-454-8890,"경기도 군포시 금산로 30, 1층(금정동)",2024-05-23,37.36537845,126.9392447
군포1동,풍미식당,031-458-6915,경기도 군포시 당정로60번길 21(당정동),2024-05-23,37.35051527,126.9569732
산본1동,하나로 할인마트,031-395-9453,"경기도 군포시 곡란로8번길 39, 101호 (산본동)",2024-05-23,37.37261935,126.9286753
군포1동,한국IGA편의점,031-477-3505,"경기도 군포시 당정역로 92, 101호(당정동, 슬기빌딩)",2024-05-23,37.34428751,126.9488171
광정동,한라하이마트,031-393-0138,"경기도 군포시 번영로 328-1, 102호(산본동, 한라2차아파트 분산상가)",2024-05-23,37.3470681,126.9258203
수리동,한미종합상사,031-421-5117,경기도 군포시 당산로116번길 8(금정동),2024-05-23,37.35249722,126.9445298
오금동,한샘문구센타,031-395-8367,경기도 군포시 산본천로211번길 17(산본동),2024-05-23,37.36436972,126.932892
수리동,한성슈퍼,031-453-3796,경기도 군포시 번영로587번안길 11(금정동),2024-05-23,37.32315699,126.9400319
군포1동,한세마트,,"경기도 군포시 당정역로4번길 11, 101호(당정동, 유영타운)",2024-05-23,37.34367435,126.9495618
군포1동,한솔마트,031-455-7968,"경기도 군포시 경수대로 455, 117호(당정동, 한솔테크노타운)",2024-05-23,37.36369805,126.9588093
산본1동,한아름마트,031-394-2635,경기도 군포시 산본천로211번길 17(산본동),2024-05-23,37.36436972,126.932892
군포1동,한아름슈퍼,031-454-4197,경기도 군포시 봉성로 82-4(당정동),2024-05-23,37.35047939,126.9456494
금정동,한양마트,031-394-5600,"경기도 군포시 수리산로 66(산본동, 한양수리아파트분산상가1동)",2024-05-23,37.35597103,126.9206562
대야동,행운편의점,031-419-4349,"경기도 군포시 대야1로 3, 1동 101호(대야미동)",2024-05-23,37.32964125,126.9159304
군포1동,행운하이퍼,031-456-0790,경기도 군포시 당산로19번길 38(당동),2024-05-23,37.35249722,126.9445298
수리동,헤세드리테일(주)노브랜드,031-399-7417,"경기도 군포시 번영로 494, 101호(금정동, 제일프라자)",2024-05-23,37.35831526,126.9322908
대야동,현대마트,031-501-5345,"경기도 군포시 대야2로143번길 26, 105,106,107호 (대야미동, 현대프라자)",2024-05-23,37.33198337,126.916191
산본1동,형제상회,031-393-3138,경기도 군포시 산본천로179번길 27(산본동),2024-05-23,37.36436972,126.932892
광정동,홈마트,031-391-7124,"경기도 군포시 광정로 25-16, 지하층(금정동, 퇴계종합상가)",2024-05-23,37.35585191,126.9318016
재궁동,홈플러스 익스프레스 군포궁내점,031-393-8547,"경기도 군포시 고산로539번길 7-36, 제지하층 제비1호(산본동)",2024-05-23,37.3740369,126.9383437
송부동,홈플러스(주) 안양점,031-459-2080,"경기도 안양시 동안구 엘에스로 92, 홈플러스(주) 안양점(호계동, 국제유통단지)",2024-05-23,37.36999956,126.953313
군포2동,홈플러스(주)익스프레스 군포부곡점,031-462-8545,"경기도 군포시 번영로28번길 37-12 (부곡동, 거성프라자)",2024-05-23,37.35831526,126.9322908
광정동,홈플러스(주)익스프레스 군포수리산역점,031-398-8545,경기도 군포시 번영로 380-1(산본동),2024-05-23,37.32315699,126.9400319
금정동,홈플러스(주)익스프레스 군포오금점,031-393-8545,"경기도 군포시 번영로 405 (산본동, 가야주공종합상가 지하층 1호)",2024-05-23,37.35184938,126.9250801
산본2동,홈플러스(주)익스프레스 산본점,,경기도 군포시 고산로 691(산본동),2024-05-23,37.34634518,126.9430899
산본1동,환영로또복권,031-4799-8231,"경기도 군포시 금산로72번길 9, 1층(산본동)",2024-05-23,37.36537845,126.9392447
산본2동,훈이슈퍼,031-391-1174,"경기도 군포시 산본천로 119-5, 107호(산본동, 주공 11단지 아파트 상가)",2024-05-23,37.36019522,126.9278637
궁내동,훼미리마트군포재궁점,031-399-5506,"경기도 군포시 오금로 142, 101~102호(금정동)",2024-05-23,37.35709267,126.937815
부곡동,휴먼마트,031-461-9477,"경기도 군포시 송부로221번길 3-9(부곡동, 휴먼시아 4단지 아파트 상가)",2024-05-23,37.32189089,126.9346197
광정동,흥진문구,031-5398-8882,"경기도 군포시 오금로 18, 1층 106호(금정동, 주공3단지 상가)",2024-05-23,37.35201664,126.9310857
